[{"model": "reader.series", "pk": 1, "fields": {"name": "The Demon Girl Next Door", "slug": "The-Demon-Girl-Next-Door", "author": 1, "artist": 1, "synopsis": "Lorem ipsum dolor sit amet, consectetur adipisicing elit, sed do eiusmod\ntempor incididunt ut labore et dolore magna aliqua. Ut enim ad minim veniam,\nquis nostrud exercitation ullamco laboris nisi ut aliquip ex ea commodo\nconsequat. Duis aute irure dolor in reprehenderit in voluptate velit esse\ncillum dolore eu fugiat nulla pariatur. Excepteur sint occaecat cupidatat non\nproident, sunt in culpa qui officia deserunt mollit anim id est laborum."}}, {"model": "reader.chapter", "pk": 1, "fields": {"series": 1, "title": "", "chapter_number": 0, "folder": "000", "volume": 1, "group": 1, "uploaded_on": "2019-05-06T00:00:00.000Z", "version": null, "preferred_sort": null}}, {"model": "reader.chapter", "pk": 2, "fields": {"series": 1, "title": "", "chapter_number": 1, "folder": "001", "volume": 1, "group": 1, "uploaded_on": "2019-06-30T00:00:00.000Z", "version": null, "preferred_sort": null}}, {"model": "reader.chapter", "pk": 3, "fields": {"series": 1, "title": "First Battle!! My Enemy is a Pretty Classmate!", "chapter_number": 2, "folder": "002", "volume": 1, "group": 2, "uploaded_on": "2019-07-31T00:00:00.000Z", "version": null, "preferred_sort": null}}, {"model": "reader.chapter", "pk": 4, "fields": {"series": 1, "title": "Fighting Spirit! The World's Flowing", "chapter_number": 3, "folder": "003", "volume": 1, "group": 2, "uploaded_on": "2019-08-05T00:00:00.000Z", "version": null, "preferred_sort": null}}, {"model": "reader.chapter", "pk": 5, "fields": {"series": 1, "title": "Budget Raise!! Do Carb Costs Count", "chapter_number": 4, "folder": "004", "volume": 1, "group": 2, "uploaded_on": "2019-08-08T00:00:00.000Z", "version": null, "preferred_sort": null}}, {"model": "reader.chapter", "pk": 6, "fields": {"series": 1, "title": "Nightmare or Fortune! Dark Door Stopper Descends", "chapter_number": 5, "folder": "005", "volume": 1, "group": 2, "uploaded_on": "2019-08-14T00:00:00.000Z", "version": null, "preferred_sort": null}}, {"model": "reader.chapter", "pk": 7, "fields": {"series": 1, "title": "Shamiko's Wish!! Save the 100% Beef World!", "chapter_number": 6, "folder": "006", "volume": 1, "group": 2, "uploaded_on": "2019-08-22T00:00:00.000Z", "version": null, "preferred_sort": null}}, {"model": "reader.chapter", "pk": 8, "fields": {"series": 1, "title": "Volume 1 Extras 1", "chapter_number": 6.5, "folder": "006_5", "volume": 1, "group": 2, "uploaded_on": "2019-09-08T00:00:00.000Z", "version": null, "preferred_sort": null}}, {"model": "reader.chapter", "pk": 9, "fields": {"series": 1, "title": "", "chapter_number": 7, "folder": "007", "volume": 1, "group": 3, "uploaded_on": "2019-07-31T00:00:00.000Z", "version": null, "preferred_sort": null}}, {"model": "reader.chapter", "pk": 10, "fields": {"series": 1, "title": "", "chapter_number": 8, "folder": "008", "volume": 1, "group": 3, "uploaded_on": "2019-08-02T00:00:00.000Z", "version": null, "preferred_sort": null}}, {"model": "reader.chapter", "pk": 11, "fields": {"series": 1, "title": "", "chapter_number": 9, "folder": "009", "volume": 1, "group": 3, "uploaded_on": "2019-08-04T00:00:00.000Z", "version": null, "preferred_sort": null}}, {"model": "reader.chapter", "pk": 12, "fields": {"series": 1, "title": "Volume 1 Extras 2", "chapter_number": 9.5, "folder": "009_5", "volume": 1, "group": 2, "uploaded_on": "2019-09-13T00:00:00.000Z", "version": null, "preferred_sort": null}}, {"model": "reader.chapter", "pk": 13, "fields": {"series": 1, "title": "", "chapter_number": 10, "folder": "0010", "volume": 1, "group": 3, "uploaded_on": "2019-08-06T00:00:00.000Z", "version": null, "preferred_sort": null}}, {"model": "reader.chapter", "pk": 14, "fields": {"series": 1, "title": "", "chapter_number": 11, "folder": "0011", "volume": 1, "group": 3, "uploaded_on": "2019-08-10T00:00:00.000Z", "version": null, "preferred_sort": null}}, {"model": "reader.chapter", "pk": 15, "fields": {"series": 1, "title": "", "chapter_number": 12, "folder": "0012", "volume": 1, "group": 3, "uploaded_on": "2019-08-12T00:00:00.000Z", "version": null, "preferred_sort": null}}, {"model": "reader.chapter", "pk": 16, "fields": {"series": 1, "title": "", "chapter_number": 13, "folder": "0013", "volume": 1, "group": 3, "uploaded_on": "2019-08-13T00:00:00.000Z", "version": null, "preferred_sort": null}}, {"model": "reader.chapter", "pk": 17, "fields": {"series": 1, "title": "Volume 1 Extra and Contents", "chapter_number": 13.5, "folder": "0013_5", "volume": 1, "group": 2, "uploaded_on": "2019-09-16T00:00:00.000Z", "version": null, "preferred_sort": null}}, {"model": "reader.chapter", "pk": 18, "fields": {"series": 1, "title": "Volume 2 Introduction", "chapter_number": 13.9, "folder": "0013_9", "volume": 2, "group": 2, "uploaded_on": "2019-10-01T00:00:00.000Z", "version": null, "preferred_sort": null}}, {"model": "reader.chapter", "pk": 19, "fields": {"series": 1, "title": "", "chapter_number": 14, "folder": "0014", "volume": 2, "group": 3, "uploaded_on": "2019-08-21T00:00:00.000Z", "version": null, "preferred_sort": null}}, {"model": "reader.chapter", "pk": 20, "fields": {"series": 1, "title": "", "chapter_number": 15, "folder": "0015", "volume": 2, "group": 3, "uploaded_on": "2019-08-29T00:00:00.000Z", "version": null, "preferred_sort": null}}, {"model": "reader.chapter", "pk": 21, "fields": {"series": 1, "title": "Volume 2 Extras 1", "chapter_number": 15.5, "folder": "0015_5", "volume": 2, "group": 2, "uploaded_on": "2019-09-27T00:00:00.000Z", "version": null, "preferred_sort": null}}, {"model": "reader.chapter", "pk": 22, "fields": {"series": 1, "title": "", "chapter_number": 16, "folder": "0016", "volume": 2, "group": 3, "uploaded_on": "2019-09-20T00:00:00.000Z", "version": null, "preferred_sort": null}}, {"model": "reader.chapter", "pk": 23, "fields": {"series": 1, "title": "", "chapter_number": 17, "folder": "0017", "volume": 2, "group": 3, "uploaded_on": "2019-09-20T00:00:00.000Z", "version": null, "preferred_sort": null}}, {"model": "reader.chapter", "pk": 24, "fields": {"series": 1, "title": "Transformation's Secret!! Demon's New Goal", "chapter_number": 18, "folder": "0018", "volume": 2, "group": 2, "uploaded_on": "2019-09-23T00:00:00.000Z", "version": null, "preferred_sort": null}}, {"model": "reader.chapter", "pk": 25, "fields": {"series": 1, "title": "Finals!! Today I'm a Brainy Demon!!", "chapter_number": 19, "folder": "0019", "volume": 2, "group": 2, "uploaded_on": "2019-09-24T00:00:00.000Z", "version": null, "preferred_sort": null}}, {"model": "reader.chapter", "pk": 26, "fields": {"series": 1, "title": "Volume 2 Extras 2", "chapter_number": 19.5, "folder": "0019_5", "volume": 2, "group": 2, "uploaded_on": "2019-09-28T00:00:00.000Z", "version": null, "preferred_sort": null}}, {"model": "reader.chapter", "pk": 27, "fields": {"series": 1, "title": "Shudder!! Shamikan Secret Cinema Dojo", "chapter_number": 20, "folder": "0020", "volume": 2, "group": 4, "uploaded_on": "2019-09-22T00:00:00.000Z", "version": null, "preferred_sort": null}}, {"model": "reader.chapter", "pk": 28, "fields": {"series": 1, "title": "Ancestor Evolved!! Glasses Girl's Dark Club Projects", "chapter_number": 21, "folder": "0021", "volume": 2, "group": 4, "uploaded_on": "2019-09-23T00:00:00.000Z", "version": null, "preferred_sort": null}}, {"model": "reader.chapter", "pk": 29, "fields": {"series": 1, "title": "Volume 2 Extras 2", "chapter_number": 21.5, "folder": "0021_5", "volume": 2, "group": 4, "uploaded_on": "2019-09-24T00:00:00.000Z", "version": null, "preferred_sort": null}}, {"model": "reader.chapter", "pk": 30, "fields": {"series": 1, "title": "Infiltration!! Little Sister Sees a Gallant Demon", "chapter_number": 22, "folder": "0022", "volume": 2, "group": 4, "uploaded_on": "2019-09-24T00:00:00.000Z", "version": null, "preferred_sort": null}}, {"model": "reader.chapter", "pk": 31, "fields": {"series": 1, "title": "Dreaming Again!! Peach Defense Breakthrough", "chapter_number": 23, "folder": "0023", "volume": 2, "group": 4, "uploaded_on": "2019-09-27T00:00:00.000Z", "version": null, "preferred_sort": null}}, {"model": "reader.chapter", "pk": 32, "fields": {"series": 1, "title": "Complete Confrontation!! Misinterpreting Minds", "chapter_number": 24, "folder": "0024", "volume": 2, "group": 4, "uploaded_on": "2019-09-28T00:00:00.000Z", "version": null, "preferred_sort": null}}, {"model": "reader.chapter", "pk": 33, "fields": {"series": 1, "title": "Now Opened!! Yoshida's Hidden Past", "chapter_number": 25, "folder": "0025", "volume": 2, "group": 4, "uploaded_on": "2019-09-30T00:00:00.000Z", "version": null, "preferred_sort": null}}, {"model": "reader.chapter", "pk": 34, "fields": {"series": 1, "title": "Conveying Thoughts!! Demon Takes a New Step!!", "chapter_number": 26, "folder": "0026", "volume": 2, "group": 2, "uploaded_on": "2019-09-30T00:00:00.000Z", "version": null, "preferred_sort": null}}, {"model": "reader.chapter", "pk": 35, "fields": {"series": 1, "title": "Volume 2 Extra and Contents", "chapter_number": 26.5, "folder": "0026_5", "volume": 2, "group": 2, "uploaded_on": "2019-09-30T00:00:00.000Z", "version": null, "preferred_sort": null}}, {"model": "reader.chapter", "pk": 36, "fields": {"series": 1, "title": "Volume 3 Introduction", "chapter_number": 26.9, "folder": "0026_9", "volume": 3, "group": 2, "uploaded_on": "2019-10-03T00:00:00.000Z", "version": null, "preferred_sort": null}}, {"model": "reader.chapter", "pk": 37, "fields": {"series": 1, "title": "Confrontation Once Again!! Magical Girl's New Form!", "chapter_number": 27, "folder": "0027", "volume": 3, "group": 4, "uploaded_on": "2019-10-01T00:00:00.000Z", "version": null, "preferred_sort": null}}, {"model": "reader.chapter", "pk": 38, "fields": {"series": 1, "title": "Neighbourhood Strife! Love Thy Neighbour!", "chapter_number": 28, "folder": "0028", "volume": 3, "group": 4, "uploaded_on": "2019-10-03T00:00:00.000Z", "version": null, "preferred_sort": null}}, {"model": "reader.chapter", "pk": 39, "fields": {"series": 1, "title": "Sumptuous Feast! Marbled Beef's Cosmic Taste", "chapter_number": 29, "folder": "0029", "volume": 3, "group": 4, "uploaded_on": "2019-10-07T00:00:00.000Z", "version": null, "preferred_sort": null}}, {"model": "reader.chapter", "pk": 40, "fields": {"series": 1, "title": "Volume 3 Extras 1", "chapter_number": 29.5, "folder": "0029_5", "volume": 3, "group": 2, "uploaded_on": "2019-10-07T00:00:00.000Z", "version": null, "preferred_sort": null}}, {"model": "reader.chapter", "pk": 41, "fields": {"series": 1, "title": "Ruins Search!! Problemed Mikan and Excited Demon", "chapter_number": 30, "folder": "0030", "volume": 3, "group": 2, "uploaded_on": "2019-10-07T00:00:00.000Z", "version": null, "preferred_sort": null}}, {"model": "reader.chapter", "pk": 42, "fields": {"series": 1, "title": "Transmitting Trade Secrets! Demon's New Weapon!", "chapter_number": 31, "folder": "0031", "volume": 3, "group": 4, "uploaded_on": "2019-10-11T00:00:00.000Z", "version": null, "preferred_sort": null}}, {"model": "reader.chapter", "pk": 43, "fields": {"series": 1, "title": "The Net's Darkness! Hacking Momo's Feelings!", "chapter_number": 32, "folder": "0032", "volume": 3, "group": 4, "uploaded_on": "2019-10-12T00:00:00.000Z", "version": null, "preferred_sort": null}}, {"model": "reader.chapter", "pk": 44, "fields": {"series": 1, "title": "The Witch of Darkness Returns! Steam From Hell!", "chapter_number": 33, "folder": "0033", "volume": 3, "group": 2, "uploaded_on": "2019-10-12T00:00:00.000Z", "version": null, "preferred_sort": null}}, {"model": "reader.chapter", "pk": 45, "fields": {"series": 1, "title": "Volume 3 Extras 2", "chapter_number": 33.5, "folder": "0033_5", "volume": 3, "group": 2, "uploaded_on": "2019-10-12T00:00:00.000Z", "version": null, "preferred_sort": null}}, {"model": "reader.chapter", "pk": 46, "fields": {"series": 1, "title": " New Species Found! Neighborhood Cafe is a Demon's Den!", "chapter_number": 34, "folder": "0034", "volume": 3, "group": 2, "uploaded_on": "2019-10-14T00:00:00.000Z", "version": null, "preferred_sort": null}}, {"model": "reader.chapter", "pk": 47, "fields": {"series": 1, "title": "Raid! Momo's Rescue Shamiko Operation!", "chapter_number": 35, "folder": "0035", "volume": 3, "group": 4, "uploaded_on": "2019-10-16T00:00:00.000Z", "version": null, "preferred_sort": null}}, {"model": "reader.chapter", "pk": 48, "fields": {"series": 1, "title": "Maze of Memories! The Mystery Hidden in Cats and Snow!", "chapter_number": 36, "folder": "0036", "volume": 3, "group": 2, "uploaded_on": "2019-10-19T00:00:00.000Z", "version": null, "preferred_sort": null}}, {"model": "reader.chapter", "pk": 49, "fields": {"series": 1, "title": "Volume 3 Extras 3", "chapter_number": 36.5, "folder": "0036_5", "volume": 3, "group": 2, "uploaded_on": "2019-10-19T00:00:00.000Z", "version": null, "preferred_sort": null}}, {"model": "reader.chapter", "pk": 50, "fields": {"series": 1, "title": "Demon Awakening! Cut Open Your Own Path!", "chapter_number": 37, "folder": "0037", "volume": 3, "group": 4, "uploaded_on": "2019-10-22T00:00:00.000Z", "version": null, "preferred_sort": null}}, {"model": "reader.chapter", "pk": 51, "fields": {"series": 1, "title": "Secrets of 10 Years Ago! Memories Shaped Like Petals", "chapter_number": 38, "folder": "0038", "volume": 3, "group": 4, "uploaded_on": "2019-10-26T00:00:00.000Z", "version": null, "preferred_sort": null}}, {"model": "reader.chapter", "pk": 52, "fields": {"series": 1, "title": "v03 c039 - Sunset Oath! The Road Ahead for us Fellow Demons", "chapter_number": 39, "folder": "0039", "volume": 3, "group": 2, "uploaded_on": "2019-10-30T00:00:00.000Z", "version": null, "preferred_sort": null}}, {"model": "reader.chapter", "pk": 53, "fields": {"series": 1, "title": "Volume 3 Extra and Contents", "chapter_number": 39.5, "folder": "0039_5", "volume": 3, "group": 2, "uploaded_on": "2019-10-27T00:00:00.000Z", "version": null, "preferred_sort": null}}, {"model": "reader.chapter", "pk": 54, "fields": {"series": 1, "title": "Volume 4 Introduction", "chapter_number": 39.9, "folder": "0039_9", "volume": 4, "group": 2, "uploaded_on": "2019-10-31T00:00:00.000Z", "version": null, "preferred_sort": null}}, {"model": "reader.chapter", "pk": 55, "fields": {"series": 1, "title": "A Short Holiday!! Demon's Summer Festival", "chapter_number": 40, "folder": "0040", "volume": 4, "group": 4, "uploaded_on": "2019-11-05T00:00:00.000Z", "version": null, "preferred_sort": null}}, {"model": "reader.chapter", "pk": 56, "fields": {"series": 1, "title": "Deadline Draws Near!! Fight Against the Piles of Homework!", "chapter_number": 41, "folder": "0041", "volume": 4, "group": 2, "uploaded_on": "2019-11-09T00:00:00.000Z", "version": null, "preferred_sort": null}}, {"model": "reader.chapter", "pk": 57, "fields": {"series": 1, "title": "Win Her Over With Food! Secret Demon Recipe!!", "chapter_number": 42, "folder": "0042", "volume": 4, "group": 2, "uploaded_on": "2019-11-22T00:00:00.000Z", "version": null, "preferred_sort": null}}, {"model": "reader.chapter", "pk": 58, "fields": {"series": 1, "title": "Sparks Clash! Light and Dark Joint Outing!", "chapter_number": 43, "folder": "0043", "volume": 4, "group": 4, "uploaded_on": "2019-11-24T00:00:00.000Z", "version": null, "preferred_sort": null}}, {"model": "reader.chapter", "pk": 59, "fields": {"series": 1, "title": "Volume 4 Extras 1", "chapter_number": 43.5, "folder": "0043_5", "volume": 4, "group": 5, "uploaded_on": "2019-11-24T00:00:00.000Z", "version": null, "preferred_sort": null}}, {"model": "reader.chapter", "pk": 60, "fields": {"series": 1, "title": "Black Emotions!! Darkness Peach Special!!", "chapter_number": 44, "folder": "0044", "volume": 4, "group": 5, "uploaded_on": "2019-11-24T00:00:00.000Z", "version": null, "preferred_sort": null}}, {"model": "reader.chapter", "pk": 61, "fields": {"series": 1, "title": "Mother Nature! Sakura Chiyoda's Spring", "chapter_number": 45, "folder": "0045", "volume": 4, "group": 5, "uploaded_on": "2019-11-25T00:00:00.000Z", "version": null, "preferred_sort": null}}, {"model": "reader.chapter", "pk": 62, "fields": {"series": 1, "title": "Black Meteor! Protect the House from it!!", "chapter_number": 46, "folder": "0046", "volume": 4, "group": 2, "uploaded_on": "2019-12-03T00:00:00.000Z", "version": null, "preferred_sort": null}}, {"model": "reader.chapter", "pk": 63, "fields": {"series": 1, "title": "Volume 4 Extras 2", "chapter_number": 46.5, "folder": "0046_5", "volume": 4, "group": 2, "uploaded_on": "2019-12-01T00:00:00.000Z", "version": null, "preferred_sort": null}}, {"model": "reader.chapter", "pk": 64, "fields": {"series": 1, "title": "Ancestor\u2019s Dojo! The Demon\u2019s Ultimate Weapon!", "chapter_number": 47, "folder": "0047", "volume": 4, "group": 5, "uploaded_on": "2019-12-03T00:00:00.000Z", "version": null, "preferred_sort": null}}, {"model": "reader.chapter", "pk": 65, "fields": {"series": 1, "title": "Volume 4 Extras 3", "chapter_number": 47.5, "folder": "0047_5", "volume": 4, "group": 5, "uploaded_on": "2019-12-03T00:00:00.000Z", "version": null, "preferred_sort": null}}, {"model": "reader.chapter", "pk": 66, "fields": {"series": 1, "title": "A New School Term! The Magical Girl\u2019s New Role!", "chapter_number": 48, "folder": "0048", "volume": 4, "group": 5, "uploaded_on": "2019-12-08T00:00:00.000Z", "version": null, "preferred_sort": null}}, {"model": "reader.chapter", "pk": 67, "fields": {"series": 1, "title": " Save our Friend!! Demon and Vassal's Determination", "chapter_number": 49, "folder": "0049", "volume": 4, "group": 2, "uploaded_on": "2019-12-15T00:00:00.000Z", "version": null, "preferred_sort": null}}, {"model": "reader.chapter", "pk": 68, "fields": {"series": 1, "title": "The Battle Within the Dreamscape!! Unleash the Legendary Weapon!!", "chapter_number": 50, "folder": "0050", "volume": 4, "group": 5, "uploaded_on": "2019-12-22T00:00:00.000Z", "version": null, "preferred_sort": null}}, {"model": "reader.chapter", "pk": 69, "fields": {"series": 1, "title": "Coming to Light! The Truth Behind the Tangerine Colored Curse", "chapter_number": 51, "folder": "0051", "volume": 4, "group": 5, "uploaded_on": "2019-12-28T00:00:00.000Z", "version": null, "preferred_sort": null}}, {"model": "reader.chapter", "pk": 70, "fields": {"series": 1, "title": "Ritual of the Dark Night! The Demon\u2019s New Friend!!", "chapter_number": 52, "folder": "0052", "volume": 4, "group": 5, "uploaded_on": "2020-01-07T00:00:00.000Z", "version": null, "preferred_sort": null}}, {"model": "reader.chapter", "pk": 71, "fields": {"series": 1, "title": "Volume 4 Extra and Contents", "chapter_number": 52.5, "folder": "0052_5", "volume": 4, "group": 2, "uploaded_on": "2020-01-07T00:00:00.000Z", "version": null, "preferred_sort": null}}, {"model": "reader.chapter", "pk": 72, "fields": {"series": 1, "title": "Volume 5 Introduction", "chapter_number": 52.9, "folder": "0052_9", "volume": 5, "group": 5, "uploaded_on": "2020-01-14T00:00:00.000Z", "version": null, "preferred_sort": null}}, {"model": "reader.chapter", "pk": 73, "fields": {"series": 1, "title": "Communications Revolution! Starting from Today I'm a Smart Demon!", "chapter_number": 53, "folder": "0053", "volume": 5, "group": 5, "uploaded_on": "2020-01-22T00:00:00.000Z", "version": null, "preferred_sort": null}}, {"model": "reader.chapter", "pk": 74, "fields": {"series": 1, "title": "Job Hunting! The Right Beast Girl in the Right Place", "chapter_number": 54, "folder": "0054", "volume": 5, "group": 5, "uploaded_on": "2020-01-29T00:00:00.000Z", "version": null, "preferred_sort": null}}, {"model": "reader.chapter", "pk": 75, "fields": {"series": 1, "title": "Demon\u2019s Birthday Celebration! Peachy\u2019s Afterschool Escape!", "chapter_number": 55, "folder": "0055", "volume": 5, "group": 5, "uploaded_on": "2020-02-08T00:00:00.000Z", "version": null, "preferred_sort": null}}, {"model": "reader.chapter", "pk": 76, "fields": {"series": 1, "title": "Seals Are Painful 1; Ancestor's Holiday", "chapter_number": 56, "folder": "0056", "volume": 5, "group": 5, "uploaded_on": "2020-02-17T00:00:00.000Z", "version": null, "preferred_sort": null}}, {"model": "reader.chapter", "pk": 77, "fields": {"series": 1, "title": "Seals Are Painful 2; A Love for Okuokutama", "chapter_number": 57, "folder": "0057", "volume": 5, "group": 5, "uploaded_on": "2020-02-17T00:00:00.000Z", "version": null, "preferred_sort": null}}, {"model": "reader.chapter", "pk": 78, "fields": {"series": 1, "title": "Seals are Painful 3; Lilith-san\u2019s Manly Night", "chapter_number": 58, "folder": "0058", "volume": 5, "group": 5, "uploaded_on": "2020-02-29T00:00:00.000Z", "version": null, "preferred_sort": null}}, {"model": "reader.chapter", "pk": 79, "fields": {"series": 1, "title": "Volume 5 Extras 1", "chapter_number": 58.5, "folder": "0058_5", "volume": 5, "group": 5, "uploaded_on": "2020-02-29T00:00:00.000Z", "version": null, "preferred_sort": null}}, {"model": "reader.chapter", "pk": 80, "fields": {"series": 1, "title": "Put Our Heads Together! The Demon\u2019s New Battle Outfit", "chapter_number": 59, "folder": "0059", "volume": 5, "group": 5, "uploaded_on": "2020-03-05T00:00:00.000Z", "version": null, "preferred_sort": null}}, {"model": "reader.chapter", "pk": 81, "fields": {"series": 1, "title": "Caf\u00e9\u2019s Closure Crisis! The Demon\u2019s Relocating Service!!", "chapter_number": 60, "folder": "0060", "volume": 5, "group": 5, "uploaded_on": "2020-03-14T00:00:00.000Z", "version": null, "preferred_sort": null}}, {"model": "reader.chapter", "pk": 82, "fields": {"series": 1, "title": "The Uninvited Guest! The Ruins-Styled Cafe is a Powder Keg!!", "chapter_number": 61, "folder": "0061", "volume": 5, "group": 5, "uploaded_on": "2020-03-25T00:00:00.000Z", "version": null, "preferred_sort": null}}, {"model": "reader.chapter", "pk": 83, "fields": {"series": 1, "title": "Volume 5 Extras 2", "chapter_number": 61.5, "folder": "0061_5", "volume": 5, "group": 5, "uploaded_on": "2020-03-25T00:00:00.000Z", "version": null, "preferred_sort": null}}, {"model": "reader.chapter", "pk": 84, "fields": {"series": 1, "title": "The Unique Tag Team! Infiltrate Crimson\u2019s Dreams!", "chapter_number": 62, "folder": "0062", "volume": 5, "group": 5, "uploaded_on": "2020-04-02T00:00:00.000Z", "version": null, "preferred_sort": null}}, {"model": "reader.chapter", "pk": 85, "fields": {"series": 1, "title": "Volume 5 Extras 3", "chapter_number": 62.5, "folder": "0062_5", "volume": 5, "group": 5, "uploaded_on": "2020-04-02T00:00:00.000Z", "version": null, "preferred_sort": null}}, {"model": "reader.chapter", "pk": 86, "fields": {"series": 1, "title": "A Raging Situation! Lico-kun\u2019s Torrential Havoc!!", "chapter_number": 63, "folder": "0063", "volume": 5, "group": 5, "uploaded_on": "2020-04-08T00:00:00.000Z", "version": null, "preferred_sort": null}}, {"model": "reader.chapter", "pk": 87, "fields": {"series": 1, "title": "Volume 5 Extras 4", "chapter_number": 63.5, "folder": "0063_5", "volume": 5, "group": 5, "uploaded_on": "2020-04-08T00:00:00.000Z", "version": null, "preferred_sort": null}}, {"model": "reader.chapter", "pk": 88, "fields": {"series": 1, "title": "A Blend of Emotions!! Banda Terrace\u2019s New Friend!!", "chapter_number": 64, "folder": "0064", "volume": 5, "group": 5, "uploaded_on": "2020-04-13T00:00:00.000Z", "version": null, "preferred_sort": null}}, {"model": "reader.chapter", "pk": 89, "fields": {"series": 1, "title": "Volume 5 Extra and Contents", "chapter_number": 64.5, "folder": "0064_5", "volume": 5, "group": 5, "uploaded_on": "2020-04-13T00:00:00.000Z", "version": null, "preferred_sort": null}}, {"model": "reader.chapter", "pk": 90, "fields": {"series": 1, "title": "", "chapter_number": 65, "folder": "0065", "volume": 6, "group": 5, "uploaded_on": "2020-04-20T00:00:00.000Z", "version": null, "preferred_sort": null}}, {"model": "reader.chapter", "pk": 91, "fields": {"series": 1, "title": "", "chapter_number": 66, "folder": "0066", "volume": 6, "group": 5, "uploaded_on": "2020-04-29T00:00:00.000Z", "version": null, "preferred_sort": null}}, {"model": "reader.chapter", "pk": 92, "fields": {"series": 1, "title": "", "chapter_number": 67, "folder": "0067", "volume": 6, "group": 5, "uploaded_on": "2020-05-07T00:00:00.000Z", "version": null, "preferred_sort": null}}, {"model": "reader.chapter", "pk": 93, "fields": {"series": 1, "title": "", "chapter_number": 68, "folder": "0068", "volume": 6, "group": 5, "uploaded_on": "2020-05-12T00:00:00.000Z", "version": null, "preferred_sort": null}}, {"model": "reader.chapter", "pk": 94, "fields": {"series": 1, "title": "", "chapter_number": 68.5, "folder": "0068_5", "volume": 6, "group": 5, "uploaded_on": "2020-05-20T00:00:00.000Z", "version": null, "preferred_sort": null}}, {"model": "reader.chapter", "pk": 95, "fields": {"series": 1, "title": "", "chapter_number": 69, "folder": "0069", "volume": 6, "group": 5, "uploaded_on": "2020-05-26T00:00:00.000Z", "version": null, "preferred_sort": null}}, {"model": "reader.chapter", "pk": 96, "fields": {"series": 1, "title": "", "chapter_number": 70, "folder": "0070", "volume": 6, "group": 5, "uploaded_on": "2020-06-01T00:00:00.000Z", "version": null, "preferred_sort": null}}, {"model": "reader.chapter", "pk": 97, "fields": {"series": 1, "title": "", "chapter_number": 71, "folder": "0071", "volume": 6, "group": 5, "uploaded_on": "2020-06-09T00:00:00.000Z", "version": null, "preferred_sort": null}}, {"model": "reader.chapter", "pk": 98, "fields": {"series": 1, "title": "", "chapter_number": 72, "folder": "0072", "volume": 6, "group": 5, "uploaded_on": "2020-06-17T00:00:00.000Z", "version": null, "preferred_sort": null}}, {"model": "reader.chapter", "pk": 99, "fields": {"series": 1, "title": "", "chapter_number": 73, "folder": "0073", "volume": 6, "group": 5, "uploaded_on": "2020-07-05T00:00:00.000Z", "version": null, "preferred_sort": null}}, {"model": "reader.chapter", "pk": 100, "fields": {"series": 1, "title": "", "chapter_number": 74, "folder": "0074", "volume": 6, "group": 5, "uploaded_on": "2020-09-04T00:00:00.000Z", "version": null, "preferred_sort": null}}, {"model": "reader.chapter", "pk": 101, "fields": {"series": 1, "title": "Season Two Special Edition", "chapter_number": 74.5, "folder": "0074_5", "volume": 6, "group": 5, "uploaded_on": "2020-10-05T00:00:00.000Z", "version": null, "preferred_sort": null}}, {"model": "reader.chapter", "pk": 102, "fields": {"series": 1, "title": "", "chapter_number": 75, "folder": "0075", "volume": 6, "group": 5, "uploaded_on": "2020-11-06T00:00:00.000Z", "version": null, "preferred_sort": null}}, {"model": "reader.chapter", "pk": 103, "fields": {"series": 1, "title": "", "chapter_number": 76, "folder": "0076", "volume": 6, "group": 5, "uploaded_on": "2020-12-03T00:00:00.000Z", "version": null, "preferred_sort": null}}, {"model": "reader.chapter", "pk": 104, "fields": {"series": 1, "title": "", "chapter_number": 77, "folder": "0077", "volume": 6, "group": 5, "uploaded_on": "2020-12-30T00:00:00.000Z", "version": null, "preferred_sort": null}}, {"model": "reader.chapter", "pk": 105, "fields": {"series": 1, "title": "", "chapter_number": 78, "folder": "0078", "volume": 6, "group": 5, "uploaded_on": "2021-03-08T00:00:00.000Z", "version": null, "preferred_sort": null}}, {"model": "reader.volume", "pk": 1, "fields": {"volume_number": 1, "series": 1, "volume_cover": "manga/The-Demon-Girl-Next-Door/volume_covers/1/1.png"}}, {"model": "reader.volume", "pk": 2, "fields": {"volume_number": 2, "series": 1, "volume_cover": "manga/The-Demon-Girl-Next-Door/volume_covers/2/2.png"}}, {"model": "reader.volume", "pk": 3, "fields": {"volume_number": 3, "series": 1, "volume_cover": "manga/The-Demon-Girl-Next-Door/volume_covers/3/3.png"}}, {"model": "reader.volume", "pk": 4, "fields": {"volume_number": 4, "series": 1, "volume_cover": "manga/The-Demon-Girl-Next-Door/volume_covers/4/4.png"}}, {"model": "reader.volume", "pk": 5, "fields": {"volume_number": 5, "series": 1, "volume_cover": "manga/The-Demon-Girl-Next-Door/volume_covers/5/5.png"}}, {"model": "reader.volume", "pk": 6, "fields": {"volume_number": 6, "series": 1, "volume_cover": "manga/The-Demon-Girl-Next-Door/volume_covers/6/6.png"}}, {"model": "reader.person", "pk": 1, "fields": {"name": "Ito Izumo"}}, {"model": "reader.group", "pk": 1, "fields": {"name": "Kirara Scantasia"}}, {"model": "reader.group", "pk": 2, "fields": {"name": "Fresh Peach Heart Shower"}}, {"model": "reader.group", "pk": 3, "fields": {"name": "Anonymous"}}, {"model": "reader.group", "pk": 4, "fields": {"name": "TOKI WA KITA!"}}, {"model": "reader.group", "pk": 5, "fields": {"name": "Sunrise Arrow"}}]